community_id,num_users,num_comments,mean_sentiment,modal_topic
2,310,829,0.03514837153196622,"hal, john, ring, lantern, green, sinestro, jordan, episode"
26,285,529,0.10070831758034027,"like, just, don, people, think, really, know, make"
7,213,555,0.0035983783783783765,"like, just, don, people, think, really, know, make"
6,199,463,0.13473218142548596,"like, just, don, people, think, really, know, make"
57,180,306,0.13060196078431371,"like, just, don, people, think, really, know, make"
4,173,334,0.09178922155688622,"like, just, don, people, think, really, know, make"
13,171,662,0.08716570996978852,"like, just, don, people, think, really, know, make"
29,167,355,0.2071487323943662,"batman, superman, dcu, reeves, want, universe, gunn, dc"
12,167,406,0.08361995073891626,"like, just, don, people, think, really, know, make"
18,148,446,0.0947280269058296,"like, just, don, people, think, really, know, make"
56,146,203,0.1521832512315271,"like, just, don, people, think, really, know, make"
5,140,160,-0.01920375,"like, just, don, people, think, really, know, make"
24,129,277,0.1819667870036101,"like, just, don, people, think, really, know, make"
21,122,301,0.13662491694352158,"like, just, don, people, think, really, know, make"
10,116,175,0.12215371428571428,"like, just, don, people, think, really, know, make"
23,108,241,0.09786597510373443,"like, just, don, people, think, really, know, make"
8,104,340,0.09474470588235294,"like, just, don, people, think, really, know, make"
19,95,156,0.11674615384615383,"like, just, don, people, think, really, know, make"
22,90,294,0.09023775510204082,"hal, john, ring, lantern, green, sinestro, jordan, episode"
27,88,273,0.05176959706959707,"like, just, don, people, think, really, know, make"
15,87,275,0.12428545454545455,"like, just, don, people, think, really, know, make"
38,87,164,0.1010408536585366,"like, just, don, people, think, really, know, make"
48,81,169,0.062270414201183434,"like, just, don, people, think, really, know, make"
33,79,152,0.15089013157894737,"like, just, don, people, think, really, know, make"
17,77,157,0.07501910828025476,"like, just, don, people, think, really, know, make"
34,72,156,0.19574615384615385,"batman, superman, dcu, reeves, want, universe, gunn, dc"
14,71,232,0.1282362068965517,"like, just, don, people, think, really, know, make"
0,70,172,0.14233546511627906,"like, just, don, people, think, really, know, make"
37,67,161,0.17416708074534162,"like, just, don, people, think, really, know, make"
47,64,150,0.102242,"like, just, don, people, think, really, know, make"
30,46,73,0.06399315068493151,"like, just, don, people, think, really, know, make"
45,41,77,0.1270896103896104,"hal, john, ring, lantern, green, sinestro, jordan, episode"
31,27,35,0.14183428571428572,"like, just, don, people, think, really, know, make"
49,3,3,0.37376666666666675,"batman, superman, dcu, reeves, want, universe, gunn, dc"
51,2,3,0.3031333333333333,"good, movies, wonder, woman, wasn, looks, pretty, gal"
74,2,2,0.1591,"like, just, don, people, think, really, know, make"
52,2,5,0.33586,"like, just, don, people, think, really, know, make"
50,2,2,0.877,"batman, superman, dcu, reeves, want, universe, gunn, dc"
53,2,3,-0.6405333333333334,"like, just, don, people, think, really, know, make"
77,2,2,0.2997,"hal, john, ring, lantern, green, sinestro, jordan, episode"
69,2,2,-0.20095,"batman, superman, dcu, reeves, want, universe, gunn, dc"
58,2,3,0.8024999999999999,"like, just, don, people, think, really, know, make"
71,2,2,0.67445,"batman, superman, dcu, reeves, want, universe, gunn, dc"
61,2,3,-0.1589,"good, movies, wonder, woman, wasn, looks, pretty, gal"
63,2,2,0.54105,"hal, john, ring, lantern, green, sinestro, jordan, episode"
65,2,2,0.20490000000000003,"hal, john, ring, lantern, green, sinestro, jordan, episode"
70,2,2,-0.3141,"hal, john, ring, lantern, green, sinestro, jordan, episode"
67,2,2,0.1385,"like, just, don, people, think, really, know, make"
59,2,3,0.6058333333333333,"good, movies, wonder, woman, wasn, looks, pretty, gal"
79,2,2,0.40005,"like, just, don, people, think, really, know, make"
46,2,10,-0.25307,"like, just, don, people, think, really, know, make"
35,2,2,0.17550000000000002,"like, just, don, people, think, really, know, make"
42,2,2,0.0,"like, just, don, people, think, really, know, make"
3,2,3,0.8000333333333334,"batman, superman, dcu, reeves, want, universe, gunn, dc"
44,2,2,-0.0258,"like, just, don, people, think, really, know, make"
11,2,5,-0.15062000000000003,"like, just, don, people, think, really, know, make"
1,2,7,-0.06324285714285714,"movie, bad, superman, supergirl, best, great, wonder, gunn"
39,2,2,0.3612,"like, just, don, people, think, really, know, make"
32,2,2,-0.2261,"like, just, don, people, think, really, know, make"
16,1,1,0.7037,"hal, john, ring, lantern, green, sinestro, jordan, episode"
72,1,1,-0.2612,"good, movies, wonder, woman, wasn, looks, pretty, gal"
9,1,1,0.5719,"batman, superman, dcu, reeves, want, universe, gunn, dc"
73,1,1,0.0,"batman, superman, dcu, reeves, want, universe, gunn, dc"
68,1,1,-0.7906,"hal, john, ring, lantern, green, sinestro, jordan, episode"
75,1,1,-0.6124,"hal, john, ring, lantern, green, sinestro, jordan, episode"
76,1,1,0.4019,"like, just, don, people, think, really, know, make"
78,1,1,0.3802,"movie, bad, superman, supergirl, best, great, wonder, gunn"
20,1,1,0.0,"like, just, don, people, think, really, know, make"
28,1,1,0.25,"movie, bad, superman, supergirl, best, great, wonder, gunn"
25,1,1,0.2732,"like, just, don, people, think, really, know, make"
66,1,1,0.3612,"batman, superman, dcu, reeves, want, universe, gunn, dc"
64,1,1,0.0,"like, just, don, people, think, really, know, make"
62,1,1,0.0,"batman, superman, dcu, reeves, want, universe, gunn, dc"
60,1,1,0.0,"like, just, don, people, think, really, know, make"
36,1,1,0.7845,"hal, john, ring, lantern, green, sinestro, jordan, episode"
41,1,1,-0.8314,"like, just, don, people, think, really, know, make"
55,1,1,0.34,"like, just, don, people, think, really, know, make"
54,1,1,0.0,"like, just, don, people, think, really, know, make"
43,1,1,-0.3802,"like, just, don, people, think, really, know, make"
40,1,1,0.9184,"good, movies, wonder, woman, wasn, looks, pretty, gal"
