overlapping_user,comments_marvelstudios,comments_DC_Cinematic,mean_sentiment_marvelstudios,mean_sentiment_DC_Cinematic,rival_talk_comments_marvelstudios,rival_talk_comments_DC_Cinematic
user_b127f1c620,1,2,0.4389,0.1479,0,0
user_1fb43119f6,2,1,0.22749999999999998,0.3818,0,0
user_23cd6d0b1d,2,2,0.0,0.0,0,0
user_186c71b1f3,1,1,0.1298,-0.7184,0,0
user_0435f0330f,1,1,0.0,-0.6997,0,0
user_5c26cdc124,1,2,-0.2461,0.69845,0,0
user_c45598a28e,2,1,0.66115,0.4019,0,0
user_8301fa9d1a,5,2,0.524,-0.34275,0,0
user_91eb6f2d71,2,1,0.0,0.7269,0,0
user_63b5495c33,1,4,-0.1027,-0.196125,0,0
user_472b1dcb49,1,1,-0.3182,0.0,0,0
user_0f9ba6c2d6,1,2,0.5719,-0.21075,0,0
user_bf6f7cb606,1,2,0.5719,-0.04624999999999996,0,0
user_2163c07394,4,4,-0.22250000000000003,0.273925,0,0
user_d3f60a68b9,2,1,-0.5660000000000001,-0.5106,0,0
user_7b1a3487a7,2,2,0.0,0.08050000000000002,0,0
user_b2e90905dc,2,18,0.0889,0.46721666666666667,0,0
user_03d4b3962f,1,5,-0.7184,0.3954,0,0
user_1e313352f7,2,1,0.5624,-0.3054,0,0
user_f33574cc00,1,2,0.6369,0.5026999999999999,0,0
user_bcaa03ea29,1,1,-0.5981,0.5373,0,0
user_e243521890,1,2,0.8591,0.1465,0,0
user_de54307d9e,2,1,-0.1591,0.0,0,0
user_34261c4924,1,11,0.0,0.1511818181818182,0,0
user_5ad809d4e7,4,4,0.027400000000000008,0.07392500000000002,0,0
user_f2bbe11133,2,3,0.2997,0.32719999999999994,0,0
user_d631062be5,1,1,0.0,-0.5472,0,0
user_f004ae097c,3,1,0.03423333333333333,-0.5729,0,0
user_364dc35e25,1,2,0.4939,-0.16519999999999999,0,0
user_1e5608e492,4,1,-0.066475,0.9153,0,1
user_58ca0bdf2c,1,1,0.5574,-0.3506,0,0
user_1b79d6b06c,1,2,-0.4158,0.28345,0,0
user_26e12438b7,2,1,-0.16425,0.899,0,0
user_62649abae6,1,1,0.5719,0.9598,0,0
user_e01716ad0f,8,5,-0.09111250000000001,0.34014,0,1
user_ae98994ebf,1,2,0.0,-0.051549999999999985,0,0
user_74c7733550,2,1,0.28595,0.0,0,0
user_159b39d813,3,2,-0.057199999999999994,-0.5966,0,0
user_28e18a9fe2,1,2,0.6369,0.0,0,0
user_816c446ccd,1,1,-0.8126,-0.8777,0,0
user_be7e954280,1,3,0.0,0.6496333333333334,0,0
user_d930d92dc4,2,2,-0.26115,0.3454,0,0
user_d043d78525,1,1,-0.5148,0.5574,0,0
user_7b8dee98c7,1,3,0.2732,0.12040000000000001,0,0
user_8e6a9b272c,1,1,0.836,-0.9775,0,0
user_15d04ba973,1,2,0.0,-0.21645,0,0
user_c28b865793,1,2,-0.8555,0.29635,1,0
user_b26ae684d5,1,1,-0.6249,0.1376,0,0
user_52d5fa11b5,1,1,0.4391,0.0,0,0
user_29c3ffc806,2,1,-0.4164,0.09,0,0
user_56126d54b3,2,2,0.1806,0.40665,0,0
user_eb37a8e662,4,5,0.15965000000000001,-0.028579999999999994,0,0
user_a6803e3f85,1,4,0.0,0.356525,0,0
user_9a27044c51,7,3,0.011085714285714284,-0.12726666666666667,0,0
user_2d872847c8,5,1,-0.15289999999999998,0.4124,0,0
user_45ebd82669,1,1,0.0,-0.3412,0,0
user_1bdeb47936,3,1,-0.3928,0.2382,0,0
user_cc347f1803,1,1,0.7902,0.5204,0,0
user_0e69fb9dda,1,1,0.0,0.2649,0,0
user_70d46f1bba,1,1,-0.5423,-0.1779,0,0
user_a34e51faba,6,6,0.18871666666666664,-0.10355000000000002,0,0
user_a8214fa8f2,1,1,0.25,-0.2732,0,0
user_ebd7d97222,3,3,0.0,-0.14929999999999996,0,0
user_b6788af815,1,2,-0.1531,-0.10915,0,0
user_cdf5e84602,1,2,0.7351,-0.20804999999999998,0,0
user_4c4c3b99a2,1,5,0.3125,0.38544,0,0
user_67746158c7,3,6,0.4017333333333333,0.32463333333333333,0,0
user_e76599b1b1,1,1,0.0,-0.7977,0,0
user_cb12bbb981,1,1,-0.9263,0.4215,0,1
user_06f212455a,7,1,0.18038571428571432,-0.5994,0,0
user_97be89bb4f,1,5,0.7713,0.1709,0,0
user_10d7690d03,5,3,0.33022,0.00929999999999997,0,0
user_9ddeb74b2c,3,1,-0.20810000000000003,-0.3089,0,0
user_7a5557da70,1,2,-0.5719,-0.31245,0,0
user_262f550df4,1,2,-0.5423,0.1126,0,0
user_87979a1aa7,1,12,0.6652,0.29244999999999993,0,0
user_57855d6de8,1,4,0.0,-0.10215000000000002,0,0
user_51678b80bc,1,1,0.7783,0.0,0,0
user_5b0a8b282e,1,1,0.4939,0.0,0,0
user_0ea37aff83,3,2,0.10980000000000001,-0.2415,0,0
user_df3e2e4676,2,2,0.27285,-0.63835,0,0
user_5c9f40e9ed,1,1,0.6369,0.9117,0,0
user_0fb91b8347,23,4,0.19486956521739132,0.2059,0,0
user_03ab00ac46,1,1,0.9552,0.0,0,0
user_8fcd03ed3e,2,2,0.32725,0.80675,0,0
user_4d69a6e24d,1,1,-0.1027,-0.5994,0,0
user_a99640c79a,1,7,-0.871,0.09204285714285713,0,0
user_92d9ab88d2,2,1,-0.4561,-0.3182,0,0
user_ebae3e2740,1,3,-0.4215,-0.5725666666666667,0,0
user_782b3aff35,8,4,-0.10443749999999999,-0.01902499999999996,0,0
user_a8d8ef8083,13,1,0.08483076923076924,-0.0258,0,0
user_3eba52cb73,1,1,0.0,-0.296,0,0
user_eb8856808a,2,17,0.3232,0.030147058823529395,0,0
user_7860921961,1,1,-0.0869,0.0,0,0
user_e8098fb94c,1,1,0.1298,0.6138,0,0
user_7d2da23f79,2,7,0.5517,0.21471428571428572,0,0
user_572971e7b5,2,1,-0.60785,-0.2263,0,0
user_6e9fb24ca4,1,1,0.296,0.8462,0,0
user_4ed111914f,1,1,0.0,-0.3367,0,0
user_da64ea6e06,6,1,0.11546666666666668,0.0276,0,0
user_c3569bac71,3,2,0.15183333333333335,0.5164,0,0
user_be9bf7f1bf,1,1,0.0,-0.9481,0,0
user_a37ba1e9fc,12,8,-0.08935833333333336,-0.2834,1,0
user_d75c5c4691,1,1,0.0,0.2617,0,0
user_bcc2b9c122,2,1,0.0,-0.8553,0,0
user_ee3eb470b5,5,3,0.08784,0.6070333333333333,0,1
user_0bdb4daf22,1,14,0.0,0.05099285714285716,0,0
user_629e9d3573,2,6,-0.0464,0.36756666666666676,0,1
user_b289e5cf2a,3,1,0.09026666666666666,-0.6808,0,0
user_3bafcb5b95,1,1,0.0,0.0,0,0
user_b1a345c225,4,1,0.17500000000000002,0.6899,0,0
user_32e6a2b05b,1,1,0.0,0.0,0,0
user_3cf49d2bbc,1,1,0.0,0.0,0,0
user_2e6812df53,1,4,0.1027,0.175225,0,0
user_a5fa3801e3,1,6,-0.8227,0.012183333333333324,0,0
user_e7c6f99159,2,3,-0.6890000000000001,-0.21230000000000002,0,0
user_fe021a86ab,1,1,0.0,0.0772,0,0
user_f6cb9b2251,4,1,0.19295,0.8126,0,0
user_ef616f0e38,1,2,0.5413,-0.125,0,0
user_d6101fe2db,2,2,0.7528,0.10115,0,0
user_b35e7ec212,3,4,-0.03423333333333333,-0.218575,0,0
user_d2d7904818,1,2,0.0,0.4404,0,0
user_2c7c0b8870,1,1,-0.5267,-0.3495,0,0
user_c6e6b8456b,1,1,0.939,-0.8536,0,0
user_71c5cd5408,7,4,0.3480142857142857,0.6608750000000001,0,0
user_1cae9a8b4e,5,1,0.18119999999999997,0.4215,0,0
user_a7c2659b7b,3,2,0.16463333333333333,0.0,0,0
user_69221801a8,1,1,0.0,0.0,0,0
user_5153a076bb,1,1,0.5295,0.25,0,0
user_f2411ab10f,2,3,0.49905,0.6322333333333333,0,3
user_93e1a8ea84,1,2,-0.3062,-0.028799999999999992,0,0
user_4de7f39679,2,11,0.35065,-0.049145454545454534,0,0
user_bceae63d73,2,2,0.128,0.3454,0,0
user_9a7efa088b,3,2,0.05993333333333332,0.45595,0,0
user_1dff2dd8d6,1,2,0.0,0.44789999999999996,0,0
user_0a4fab40a2,3,1,0.5612666666666666,0.0,0,0
user_815f37222f,1,3,-0.1322,0.25843333333333335,0,0
user_53bda180af,2,3,0.40775,0.12996666666666665,0,0
user_85fe9a31ab,2,3,0.08585000000000004,-0.40963333333333335,0,1
user_1086614911,1,1,-0.5935,-0.8777,0,0
user_7fe21e2c70,1,4,0.0936,0.130325,0,0
user_d125888b70,1,2,0.2732,0.5665,0,0
user_8e73293f1e,6,1,0.06496666666666666,0.6908,0,0
user_4a052c00f6,1,1,0.0,0.128,0,0
user_7e295b90f9,2,7,0.3243,-0.16280000000000003,0,0
user_051d6576e0,6,14,0.37284999999999996,-0.1292642857142857,0,0
user_76c3fc6c0e,1,1,0.8945,0.0,0,0
user_fd47d2009c,1,1,-0.6928,0.7184,0,0
user_f505879516,1,4,-0.743,0.1329,0,0
user_263b3096e0,1,2,0.8882,-0.13349999999999998,0,0
user_d84f77a791,1,1,-0.5719,0.7717,0,0
user_266041e0dc,3,7,-0.12996666666666665,0.23377142857142855,0,0
user_681ffc3931,1,7,0.5719,-0.002142857142857157,0,1
user_466de67419,1,1,-0.6249,0.0,0,0
user_ffd4c21eb1,1,1,0.4215,0.2382,0,0
user_53b4b8db11,1,2,0.0,0.0,0,0
user_8268a8792b,4,2,0.5993499999999999,0.42545,0,0
user_9c2673728e,1,1,0.3182,-0.6808,0,0
user_bf3aba10e3,2,1,-0.1568,0.5859,0,0
user_8b17a8bc04,1,3,-0.4767,0.42040000000000005,0,0
user_44659e48d1,1,1,-0.9118,-0.25,1,0
user_89076c5aaf,1,1,-0.3182,0.0,0,0
user_56f163167d,1,9,0.1531,0.062166666666666676,0,0
user_8d868305b8,1,1,-0.6369,0.128,0,0
user_5d63286fad,3,11,0.28753333333333336,0.22710000000000005,0,0
user_1f5ca54d19,1,2,0.6369,0.0,0,0
user_68331ea894,1,1,0.0,-0.1531,0,0
user_055abe17bb,1,2,-0.7184,-0.035449999999999995,0,0
user_bffc7495fe,3,11,-0.20956666666666665,-0.029327272727272737,0,0
user_546dddb74b,1,1,0.2023,0.9722,0,0
user_fe07b2e79c,1,3,0.2023,0.21230000000000002,0,1
user_d080823d0a,1,3,0.4927,0.6430666666666666,0,0
user_9e98ec826e,2,4,0.39795,-0.25905,0,0
user_00e982233f,12,4,-0.03916666666666667,0.372925,0,0
user_482e544b5d,7,1,-0.02214285714285713,0.0,0,0
user_ab38b923c1,1,1,-0.174,0.0191,0,0
user_32f14bf9d6,2,1,-0.0036499999999999866,0.836,0,0
user_9964a4ca50,1,2,0.8347,0.08805,0,0
user_433aaea094,2,1,0.012950000000000017,0.4019,0,0
user_5ad7ce9ab5,1,2,-0.2023,-0.3433,0,0
user_5c45f76411,1,1,-0.4019,0.0,0,0
user_1a369fb2e0,3,3,-0.4301,-0.15293333333333334,0,0
user_6aaf651869,2,7,0.0,0.34278571428571425,0,0
user_b989fb781f,2,1,0.22314999999999996,0.1298,0,0
user_1b23c6fb6d,3,1,-0.1971333333333333,0.0,0,0
user_37bc3e6768,2,1,-0.08415,0.8164,0,0
user_c74bf9fddc,1,1,0.0,0.0,0,0
user_833769d093,1,1,0.0,0.908,0,0
user_7aebf3addc,4,1,0.326725,-0.383,0,0
user_a59ab07f38,1,2,-0.5423,0.0,0,0
user_be5e3aa78e,2,1,-0.43445,0.5719,0,0
user_6fa297e47e,1,1,0.0,0.3818,0,0
user_4600298c8c,3,8,0.13826666666666668,0.1303125,0,0
user_dd12a10e9b,3,3,-0.3529666666666667,-0.0086,0,0
user_b7a09d9c53,1,1,0.0,0.4767,0,0
user_a23500d3bc,1,2,-0.4588,-0.07655,1,0
user_5442df6f4c,1,1,0.296,0.4404,0,0
user_1202a67388,4,2,0.45357499999999995,0.07355,0,0
user_49231fc02e,1,1,0.0,0.0,0,0
user_9e1f4c6926,4,4,-0.08459999999999998,-0.33247499999999997,0,0
user_afb4c02aae,1,1,-0.6249,0.0,0,0
user_7e388bd15a,5,1,0.36757999999999996,0.5267,0,0
user_0ae9477f36,1,2,0.128,0.0937,0,0
user_f714d30adc,3,2,0.6035666666666667,-0.27235,0,0
user_c102c0760e,1,5,0.6597,0.32270000000000004,0,0
user_0efc35961a,1,1,-0.3939,-0.7992,0,0
user_5eb6c2e68f,4,1,0.357325,0.3612,0,0
user_e0725a8255,1,2,0.0,0.3243,0,0
user_4f0fa3907f,3,1,0.14049999999999999,-0.5574,0,0
user_6d062fc33d,1,1,0.0,0.0,0,0
user_731c4a8f31,1,1,0.0,0.1779,0,0
user_6c976f1a53,1,1,-0.7269,0.0258,0,0
user_9cb965f96a,1,1,0.7227,0.0,0,0
user_bfe2f9e6eb,2,4,0.0,-0.017274999999999985,1,0
user_35869bbdef,1,6,-0.1796,0.11600000000000003,0,0
user_683266d754,1,1,-0.6491,0.6369,0,0
user_f0570f210d,2,2,0.73045,0.17,0,0
user_45bbce699b,1,1,-0.9043,0.8126,0,0
user_557dc254c2,1,1,0.0772,0.4019,0,0
user_eadbe8c9bd,1,3,0.6369,-0.011300000000000013,0,0
user_bd09a87701,1,1,-0.0258,0.8129,0,0
user_2af063d97e,4,5,-0.03847499999999998,0.51402,0,0
user_45529bd73b,3,1,-0.2542,0.0,0,0
user_c9b22e7c54,1,1,0.4759,-0.6293,0,0
user_cf3409f8cf,1,1,0.5859,-0.7579,0,0
user_2274f86053,1,1,0.6369,0.0,0,0
user_443d5e096d,1,1,0.0,0.6661,0,0
user_6b7c40b177,1,1,0.296,0.2146,0,0
user_5819157a27,1,1,0.0,-0.872,0,0
user_5ac429b2b1,2,4,0.48030000000000006,0.07010000000000002,0,0
user_cef0d029d9,1,1,0.0,0.9603,0,1
user_ce492238eb,1,6,0.6369,0.032516666666666645,0,0
user_2573384390,1,11,-0.9536,0.024981818181818192,0,0
user_52d7790421,2,2,0.10115,0.21075,0,0
user_d10229edd9,2,1,0.1922,0.0,0,0
user_0c4441d8f7,1,3,0.6369,0.2683333333333333,0,0
user_ec119254d5,2,1,0.02200000000000002,0.541,0,0
user_93b7ebc19f,1,1,-0.8187,0.3182,0,0
user_0d4894ec2f,1,1,0.296,0.0,0,0
user_ba27cb1189,4,1,0.0041250000000000175,-0.4576,1,0
user_b986e6ade5,1,1,0.6124,0.7351,0,0
user_b3f2505fc1,1,3,-0.5334,0.021333333333333353,0,0
user_e837010ee5,2,2,0.4096,0.24695,0,0
user_e637be5846,2,1,0.7634000000000001,-0.5719,0,0
user_02ee184e3d,2,2,0.2787,-0.1094,0,0
user_642152843f,1,1,-0.7054,-0.8126,0,0
user_6e6378fbd6,1,1,0.0,-0.6597,0,0
user_633db680c0,1,1,0.0,0.0,0,0
user_d131186001,8,1,0.003500000000000003,-0.2732,0,0
user_a4b9be4e0c,1,1,0.7221,0.4215,0,0
user_0425add983,3,2,-0.2251,0.27115,0,0
user_d55d5e8d22,1,3,-0.5499,0.030666666666666675,0,0
user_bf664f1598,2,1,0.1909,0.1531,0,0
user_aac41a4c44,4,5,-0.15065,0.18912,0,0
user_4a9a4288f3,1,1,0.5544,0.8047,0,0
user_b1139ec31b,1,3,0.8461,0.04293333333333336,0,0
user_b00b71b361,2,5,0.24864999999999998,-0.3391,0,0
user_984a427a3b,1,1,0.2139,-0.0513,0,0
user_ea8bb49a2f,9,1,0.21415555555555557,-0.5106,1,0
user_1a182de884,1,3,0.7783,-0.03249999999999997,0,0
user_e8aed96560,1,8,0.25,0.2926125,0,0
user_583922c5e6,1,1,0.4404,-0.4767,0,0
user_b56b8fa839,1,1,0.4404,0.1779,0,0
user_2a3d75fe10,6,2,0.12543333333333334,0.10389999999999999,0,0
user_81daa305e1,2,3,0.005150000000000043,-0.22423333333333337,0,0
user_f27ad0cc90,3,1,-0.02009999999999999,0.0,0,0
user_4e698bd986,3,1,0.2676,0.0,0,0
user_1a44a8b5a3,1,1,0.0,0.0516,0,0
user_9518b005f9,2,1,0.1472,0.7088,0,0
user_df74ed647a,1,1,0.8338,0.1779,0,0
user_3a7782aa85,2,3,0.5791,0.005199999999999982,0,0
user_99e729f30f,1,1,0.4795,0.0,0,0
user_54b400b949,1,1,0.5267,0.0,0,0
user_ce69bda37f,1,8,0.0,0.278525,0,0
user_6040ad1bc8,1,1,0.3612,0.3612,0,0
user_df1d26363a,2,1,-0.28995000000000004,0.4767,0,0
user_1b2b76df33,1,2,0.6369,-0.51705,0,0
user_4162309653,1,1,-0.4574,0.4939,0,0
user_2e49565da2,2,8,0.391,-0.3392875,0,0
user_b4a8d973cd,1,1,0.3352,0.2023,0,0
user_16009a7a19,2,5,0.05135,0.09298,0,0
user_aa2c4b6226,2,1,0.5623,0.7656,0,0
user_e1ca3130c0,1,1,0.0,0.0,0,0
user_4ea17129ba,1,15,-0.8126,-0.09391333333333332,0,0
user_3fb2e5d273,1,1,-0.024,0.1901,0,0
user_59b60f4497,2,1,-0.3454,-0.6249,0,0
user_618cf9263a,1,1,0.0,0.4404,0,0
user_6fb66d3816,1,4,0.4019,-0.130125,0,0
user_50201ce08e,1,23,0.0,0.09651739130434785,0,0
user_e07be0fe85,1,1,0.5994,0.7964,0,0
user_5196af6dcc,1,3,0.2732,-0.24223333333333333,0,0
user_103e0f0f87,2,5,0.1366,0.022140000000000003,0,0
user_f1a08a791b,1,1,0.4019,0.6124,0,0
user_1f0eefeeb4,1,11,-0.8126,0.4468090909090909,0,0
user_ed758a892b,1,1,0.4215,0.9467,0,0
user_cd2e6d500e,4,4,-0.321725,0.471225,0,0
user_7638490db4,1,1,0.7964,0.3182,0,0
user_8e3e7805b4,3,1,-0.10056666666666665,0.4926,0,0
user_9938330957,1,2,-0.0634,-0.29605,0,0
user_c60522369d,1,4,0.0,0.19980000000000003,0,0
user_fd048962c2,2,4,0.30585,-0.19527499999999998,0,0
user_0de955eb38,1,2,0.0,-0.08680000000000004,0,0
user_c9d2ab8a2d,7,7,-0.022257142857142847,-0.43848571428571426,0,0
user_8a3c64f9a5,1,1,-0.5994,0.7042,0,0
user_5111beabbf,1,3,0.0,0.4463333333333333,0,0
user_bf6990ed6d,1,3,-0.84,-0.30346666666666666,0,0
