topic_id,topic_words,num_comments,share
-1,(too short / no topical words),3424,0.35845896147403683
0,"avengers, endgame, thanos, hulk, new, right, war, infinity",3457,0.36191373534338356
1,"man, spider, spider man, iron, iron man, ant, ant man, peter",423,0.04428391959798995
2,"doom, tony, stark, variant, rdj, mask, tony stark, doom doom",279,0.02920854271356784
3,"thor, loki, love, thunder, love thunder, ragnarok, gorr, god",453,0.04742462311557789
4,"did, power, did watch, literally, watch, job, dad, knew",247,0.025858458961474037
5,"marvel, captain, captain marvel, america, captain america, disney, best, watch",459,0.04805276381909548
6,"secret, wars, secret wars, doomsday, secret invasion, invasion, doomsday secret, avengers",231,0.024183417085427136
7,"mcu, comics, characters, character, best, love, definitely, favorite",579,0.060615577889447235
